key,key:userAccount,cv,achievements,licensed
#Testing cv
spokesperson-01,user-account-spokesperson-01,"","Test",true
spokesperson-02,user-account-spokesperson-02,"Lorem ipsum dolor sit amet, consectetur adipiscing elit. Sed do: eiusmod tempor incididunt ut labore et dolore magna aliqua! Ut enim ad minim veniam? Quis nostrud exercitation ullamco laboris nisi ut aliquip ex ea commodo consequat. Duis aute irure dolor i","Test",true
spokesperson-03,user-account-spokesperson-03,null,"Test",true
#Testing achievements
spokesperson-04,user-account-spokesperson-04,"Test","",true
spokesperson-05,user-account-spokesperson-05,"Test","Lorem ipsum dolor sit amet, consectetur adipiscing elit. Sed do: eiusmod tempor incididunt ut labore et dolore magna aliqua! Ut enim ad minim veniam? Quis nostrud exercitation ullamco laboris nisi ut aliquip ex ea commodo consequat. Duis aute irure dolor i",true
spokesperson-06,user-account-spokesperson-06,"Test",null,true
#Testing licensed
spokesperson-07,user-account-spokesperson-07,"Test","Test",null
#Testing userAccount
spokesperson-08,null,"Test","Test",true