key,key:userAccount,position,skills,executive

manager-01,user-account-manager-01,Lorem ipsum dolor sit amet. consectetu,Lorem ipsum dolor sit amet. consectetur adipiscing elit. Sed do: eiusmod tempor incididunt ut labore et dolore magna aliqua! Ut*,false

manager-02,user-account-manager-02,L,Lorem ipsum dolor sit amet. consectetur adipiscing elit. Sed do: eiusmod tempor incididunt ut labore et dolore magna aliqua! Ut*,false
manager-03,user-account-manager-03,Lo,Lorem ipsum dolor sit amet. consectetur adipiscing elit. Sed do: eiusmod tempor incididunt ut labore et dolore magna aliqua! Ut*,false
manager-04,user-account-manager-04,Lorem ipsum dolor sit amet. consectet,Lorem ipsum dolor sit amet. consectetur adipiscing elit. Sed do: eiusmod tempor incididunt ut labore et dolore magna aliqua! Ut*,false
manager-05,user-account-manager-05,โลเร็ม อิปซัม,Lorem ipsum dolor sit amet. consectetur adipiscing elit. Sed do: eiusmod tempor incididunt ut labore et dolore magna aliqua! Ut*,false
manager-06,user-account-manager-06,لوريم إيبسوم,Lorem ipsum dolor sit amet. consectetur adipiscing elit. Sed do: eiusmod tempor incididunt ut labore et dolore magna aliqua! Ut*,false
manager-07,user-account-manager-07,洛伦·伊普森,Lorem ipsum dolor sit amet. consectetur adipiscing elit. Sed do: eiusmod tempor incididunt ut labore et dolore magna aliqua! Ut*,false

manager-08,user-account-manager-08,Lorem ipsum dolor sit amet. consectetu,L,false
manager-09,user-account-manager-09,Lorem ipsum dolor sit amet. consectetu,Lo,false
manager-10,user-account-manager-10,Lorem ipsum dolor sit amet. consectetu,Lorem ipsum dolor sit amet. consectetur adipiscing elit. Sed do: eiusmod tempor incididunt ut labore et dolore magna aliqua! Ut enim ad minim veniam? Quis nostrud exercitation ullamco laboris nisi ut aliquip ex ea commodo consequat. Duis aute irure dolor,false