key,enabled,identity,password,username
user-account-consumer-01,true,"UserIdentity{name: 'Peter', surname: 'Consumer', email: 'peter@acme.com'}",consumer1,consumer1
user-account-consumer-02,true,"UserIdentity{name: 'Mary', surname: '貸んい建濯よ芝弾テソ Λορεμ ιπσθμ', email: 'mary@acme.com'}",consumer2,consumer2
user-account-consumer-03,true,"UserIdentity{name: 'Manolo', surname: '之乎路可良 ᏥᏲᏎᎭ', email: 'manolo@acme.com'}",consumer3,consumer3
user-account-provider-01,true,"UserIdentity{name: 'Laurel', surname: 'Provider', email: 'laurel@acme.com'}",provider1,provider1
user-account-provider-02,true,"UserIdentity{name: 'Martina', surname: 'коза თხა', email: 'martina@acme.com'}",provider2,provider2
user-account-provider-03,true,"UserIdentity{name: 'Antonia', surname: 'אבטיח Æløzå', email: 'antonia@acme.com'}",provider3,provider3
user-account-req0-administrator-01,true,"UserIdentity{name: 'Admin', surname: 'One', email: 'admin1@acme.com'}",administrator1,administrator1
user-account-req0-administrator-02,true,"UserIdentity{name: 'Admin', surname: 'Two', email: 'admin2@acme.com'}",administrator2,administrator2
user-account-auditor-01,true,"UserIdentity{name: 'Mario', surname: 'Audit', email: 'mario@acme.com'}",audit1,audit1
user-account-auditor-02,true,"UserIdentity{name: '貸んい建濯よ芝弾テソ Λορεμ ιπσθμ', surname: 'Audit', email: 'mario@acme.com'}",audit2,audit2
user-account-auditor-03,true,"UserIdentity{name: 'Mario', surname: '貸んい建濯よ芝弾テソ Λορεμ ιπσθμ', email: 'mario@acme.com'}",audit3,audit3
user-account-auditor-04,true,"UserIdentity{name: 'Mariano', surname: 'Audit4', email: 'mariano@acme.com'}",audit1,audit4
user-account-auditor-05,true,"UserIdentity{name: 'Manuel', surname: 'Audit5', email: 'manuel@acme.com'}",audit1,audit5
user-account-auditor-06,true,"UserIdentity{name: 'Laura', surname: 'Audit6', email: 'laura@acme.com'}",audit1,audit6
user-account-auditor-07,true,"UserIdentity{name: 'Jose', surname: 'Audit7', email: 'jose@acme.com'}",audit1,audit7
user-account-auditor-08,true,"UserIdentity{name: 'Alfonso', surname: 'Audit8', email: 'alfonso@acme.com'}",audit1,audit8
user-account-auditor-09,true,"UserIdentity{name: 'Alberto', surname: 'Audit9', email: 'alberto@acme.com'}",audit1,audit9
user-account-auditor-10,true,"UserIdentity{name: 'Cristobal', surname: 'Audit10', email: 'cristobal@acme.com'}",audit1,audit10
user-account-auditor-11,true,"UserIdentity{name: 'Ramirez', surname: 'Audit11', email: 'ramirez@acme.com'}",audit1,audit11
user-account-auditor-12,true,"UserIdentity{name: 'Maria', surname: 'Audit12', email: 'maria@acme.com'}",audit1,audit12
user-account-auditor-13,true,"UserIdentity{name: 'Alba', surname: 'Audit13', email: 'alba@acme.com'}",audit1,audit13
user-account-auditor-14,true,"UserIdentity{name: 'Josefina', surname: 'Audit14', email: 'josefina@acme.com'}",audit1,audit14
user-account-auditor-15,true,"UserIdentity{name: 'Alejandro', surname: 'Audit15', email: 'alejandro@acme.com'}",audit1,audit15
user-account-auditor-16,true,"UserIdentity{name: 'Luis', surname: 'Audit16', email: 'luis@acme.com'}",audit1,audit16
user-account-auditor-17,true,"UserIdentity{name: 'Gonzalo', surname: 'Audit17', email: 'gonzalo@acme.com'}",audit1,audit17